1,John,Doe,john.doe@gmail.com,Dhaka
2,Jane,Doe,jane.doe@gmail.com,Sylhet
3,Michael,Smith,michael.smith@gmail.com,Chittagong
4,Sarah,Johnson,sarah.johnson@gmail.com,Khulna
5,David,Williams,david.williams@gmail.com,Barisal
6,Imran,Nazir,emon.genius@gmail.com,Sirajganj
7,Ruhul,Sujon,sujon@gmail.com,Sirajganj
8,Emu,Mon,emon@gmail.com,Dhaka